sheet,tag,tag_family_hint,dtype,missing_count,missing_fraction,unique_count,min,max,mean,std,median,q01,q99
Sheet1,75ZI800BA.pv,ZI,float64,0,0.0,33098,-0.0038966055571412,0.259225262204806,0.06328545726393728,0.029597649545760423,0.0613760073979695,0.007647892395034396,0.20450160140792523
Sheet1,75ZI800BB.pv,ZI,float64,0,0.0,33439,-0.0789661390086015,0.26735353966554,0.031087153604758166,0.04177189538540931,0.029844661771009348,-0.04831896920998887,0.22125217658778046
Sheet1,75ZI801BA.pv,ZI,float64,0,0.0,29094,-0.1086351846655209,-0.0349133184800545,-0.09460190172132564,0.006004174761636476,-0.09521902042130626,-0.10423129472881548,-0.07627938943604622
Sheet1,75ZI801BB.pv,ZI,float64,0,0.0,29463,-0.0920387248198191,-0.0202687713628013,-0.07865324229397262,0.005006764242165277,-0.07916253569225465,-0.08651422616094347,-0.06418591675659016
Sheet1,75PI808.pv,PI,float64,0,0.0,30719,0.0,10.35942471822103,9.878929321431645,0.6644324806428777,9.922921784718831,9.8038911819458,10.036135811805728
Sheet1,75PI823.pv,PI,float64,0,0.0,24955,0.0,2.699161767959595,2.489182151375139,0.03859950993980202,2.48783278465271,2.412819385528564,2.614372348785401
Sheet1,75PI870.pv,PI,float64,0,0.0,20757,0.0,8.681539535522461,8.003585823944181,1.0222732499548566,8.112933158874512,0.13032939806580543,8.576878547668457
Sheet1,75PI845.pv,PI,float64,0,0.0,25630,0.002289202529937,4.953054428100586,4.799433316930292,0.06978582088462525,4.807202100753784,4.646192145347595,4.926363945007324
Sheet1,75PDI853.pv,PDI,float64,0,0.0,27205,0.0,6.0,1.7027000399271965,0.26107140273613477,1.70087742805481,0.5923329144716263,2.2685898184776305
Sheet1,75TI821.pv,TI,float64,0,0.0,5267,28.4903335571289,63.49130630493164,55.59441693137533,3.0664400047692015,56.08708190917969,33.45280456542969,57.9265251159668
Sheet1,75TI822.pv,TI,float64,0,0.0,4582,31.92867851257324,72.9189682006836,62.73526462358296,3.4818099702441003,63.05734252929688,36.2139591217041,65.42764511108399
Sheet1,75TI827.pv,TI,float64,0,0.0,3995,31.58014678955078,64.46929168701172,56.629257529330914,2.727611700831575,56.94075012207031,35.831383895874026,58.18104763031006
Sheet1,75TI828.pv,TI,float64,0,0.0,5025,32.18220138549805,73.84817504882812,63.27653933295459,3.551023264339518,63.56780624389648,36.32336349487305,66.62244567871095
Sheet1,75TI824.pv,TI,float64,0,0.0,5036,35.99408340454102,71.06275939941406,64.18681260420452,3.27421094279872,64.62515258789062,39.69450454711914,66.45962486267089
Sheet1,75TI829.pv,TI,float64,0,0.0,3722,31.62697792053223,74.85575866699219,64.42576047429375,3.719659853303459,64.86311340332031,35.829244995117186,66.42375030517579
Sheet1,75TI830.pv,TI,float64,0,0.0,3780,31.75234794616699,70.467529296875,63.04204867465649,3.524641619956816,63.47877883911133,35.86766185760498,65.0189437866211
Sheet1,75TI831.pv,TI,float64,0,0.0,2873,31.54709053039551,80.43814849853516,74.13095515366898,4.890162548212501,74.6994400024414,35.68374767303467,75.82550010681153
Sheet1,75TI832.pv,TI,float64,0,0.0,5746,31.79642486572266,104.9247894287109,93.66205473498185,7.4350211700333535,94.57478332519533,35.9634407043457,97.28885650634766
Sheet1,75TI836.pv,TI,float64,0,0.0,3617,31.9782943725586,80.0089340209961,71.45175434310273,4.522484139329925,71.99144744873047,36.22444152832031,73.5886459350586
Sheet1,75TI834.pv,TI,float64,0,0.0,3641,31.75510406494141,81.8407974243164,75.6272837334755,5.087782712971191,76.29515075683594,35.78303909301758,77.49491882324219
Sheet1,75XI821BX.pv,XI,float64,0,0.0,5909,0.8012208938598633,20.40388107299805,12.292305523353782,2.6444974933828758,12.69962406158447,0.8584508895874023,16.42502784729004
Sheet1,75XI822BY.pv,XI,float64,0,0.0,3506,0.7957704067230225,84.63235473632812,7.251044648455654,2.1613504712768346,7.096527576446533,1.0453933358192447,9.077777862548828
Sheet1,75XI823BX.pv,XI,float64,0,0.0,1753,0.7957704067230225,10.68485260009766,7.356781390324305,1.2016557838622912,7.033847332000732,0.8530004024505615,9.271269798278809
Sheet1,75XI824BX.pv,XI,float64,0,0.0,1862,0.8012208938598633,18.14192962646484,10.111925549792405,1.242375739930497,10.28996562957764,0.8584508895874023,11.33155155181885
Sheet1,75SI865R.pv,SI,float64,0,0.0,24716,9.095764398574827,8685.88046875,6578.314698456324,848.7187478385547,6683.875960286458,9.942769411404928,7068.268330891936
