sensor_a,sensor_b,correlation,absolute_correlation
75TI827.pv,75TI830.pv,0.9974925544286256,0.9974925544286256
75TI831.pv,75TI834.pv,0.9970981846543411,0.9970981846543411
75TI827.pv,75TI829.pv,0.9954357572539321,0.9954357572539321
75TI829.pv,75TI830.pv,0.9948038108348464,0.9948038108348464
75TI822.pv,75TI828.pv,0.993977935279213,0.993977935279213
75TI829.pv,75TI834.pv,0.9935538684720436,0.9935538684720436
75TI829.pv,75SI865R.pv,0.9934446779848448,0.9934446779848448
75TI822.pv,75TI830.pv,0.9930517388938538,0.9930517388938538
75TI830.pv,75TI834.pv,0.9930089136580147,0.9930089136580147
75TI830.pv,75TI832.pv,0.9925567177841758,0.9925567177841758
75TI827.pv,75TI834.pv,0.9921588281238406,0.9921588281238406
75TI831.pv,75TI832.pv,0.9921083895174372,0.9921083895174372
75TI834.pv,75SI865R.pv,0.9919718983499803,0.9919718983499803
75TI830.pv,75TI831.pv,0.9913493061744608,0.9913493061744608
75TI827.pv,75SI865R.pv,0.990854893638211,0.990854893638211
75TI830.pv,75SI865R.pv,0.990638661263371,0.990638661263371
75TI836.pv,75TI834.pv,0.990557284967353,0.990557284967353
75TI830.pv,75TI836.pv,0.990472237261735,0.990472237261735
75TI829.pv,75TI831.pv,0.9900715438303815,0.9900715438303815
75TI827.pv,75TI832.pv,0.9898563055294299,0.9898563055294299
75TI822.pv,75TI827.pv,0.9898348399279169,0.9898348399279169
75TI831.pv,75TI836.pv,0.9895138068939003,0.9895138068939003
75TI832.pv,75TI834.pv,0.9892410253450519,0.9892410253450519
75TI827.pv,75TI831.pv,0.9888633211844077,0.9888633211844077
75TI832.pv,75TI836.pv,0.9881087418381342,0.9881087418381342
75TI822.pv,75TI832.pv,0.9878177404703885,0.9878177404703885
75TI828.pv,75TI830.pv,0.9874163342081056,0.9874163342081056
75TI822.pv,75TI829.pv,0.98675770819996,0.98675770819996
75TI827.pv,75TI836.pv,0.9863430092660073,0.9863430092660073
75TI829.pv,75TI832.pv,0.9858025975732595,0.9858025975732595
75TI832.pv,75SI865R.pv,0.9856986239284059,0.9856986239284059
75TI822.pv,75TI831.pv,0.98479825895602,0.98479825895602
75TI831.pv,75SI865R.pv,0.9844495003890494,0.9844495003890494
75TI829.pv,75TI836.pv,0.9837419229921042,0.9837419229921042
75TI822.pv,75TI834.pv,0.9825153508401893,0.9825153508401893
75TI836.pv,75SI865R.pv,0.9823154569748676,0.9823154569748676
75TI828.pv,75TI832.pv,0.9814903486057867,0.9814903486057867
75TI822.pv,75TI836.pv,0.9811240484709877,0.9811240484709877
75TI827.pv,75TI828.pv,0.9801612951474485,0.9801612951474485
75TI822.pv,75SI865R.pv,0.9790433256793305,0.9790433256793305
75TI828.pv,75TI829.pv,0.9772517818184966,0.9772517818184966
75TI828.pv,75TI831.pv,0.9764210373158886,0.9764210373158886
75TI828.pv,75TI836.pv,0.9750823761635165,0.9750823761635165
75TI828.pv,75TI834.pv,0.9726186195521205,0.9726186195521205
75PI870.pv,75TI836.pv,0.9701204868077432,0.9701204868077432
75TI828.pv,75SI865R.pv,0.9691318209871946,0.9691318209871946
75TI824.pv,75TI834.pv,0.9678674657463062,0.9678674657463062
75TI824.pv,75TI829.pv,0.9642615824171683,0.9642615824171683
75TI824.pv,75SI865R.pv,0.9614549456937072,0.9614549456937072
75PI870.pv,75TI832.pv,0.9574006848432897,0.9574006848432897
75TI824.pv,75TI831.pv,0.9568002903650717,0.9568002903650717
75PI870.pv,75TI831.pv,0.9547123726445775,0.9547123726445775
75TI827.pv,75TI824.pv,0.9542916135512636,0.9542916135512636
75PI870.pv,75TI830.pv,0.9506333553596329,0.9506333553596329
75PI870.pv,75TI834.pv,0.9468572546840499,0.9468572546840499
75TI824.pv,75TI830.pv,0.9445902702139722,0.9445902702139722
75PI870.pv,75TI822.pv,0.9436533268900891,0.9436533268900891
75PI870.pv,75TI828.pv,0.9425955884240205,0.9425955884240205
75TI821.pv,75TI830.pv,0.9425489181389216,0.9425489181389216
75TI821.pv,75TI827.pv,0.9404917287551027,0.9404917287551027
75TI821.pv,75SI865R.pv,0.9404680139498304,0.9404680139498304
75TI821.pv,75TI834.pv,0.9379573113106316,0.9379573113106316
75TI821.pv,75TI836.pv,0.9370050350993262,0.9370050350993262
75TI824.pv,75TI836.pv,0.9368203467302657,0.9368203467302657
75TI821.pv,75TI829.pv,0.9367804736691497,0.9367804736691497
75PI870.pv,75TI827.pv,0.936552378141082,0.936552378141082
75TI824.pv,75TI832.pv,0.9330065322260241,0.9330065322260241
75PI870.pv,75SI865R.pv,0.9326076174565378,0.9326076174565378
75PI870.pv,75TI829.pv,0.9312369713735842,0.9312369713735842
75TI821.pv,75TI822.pv,0.9308241828708155,0.9308241828708155
75TI821.pv,75TI831.pv,0.9292254016013942,0.9292254016013942
75TI821.pv,75TI832.pv,0.9280095779114237,0.9280095779114237
75TI822.pv,75TI824.pv,0.9273791714693962,0.9273791714693962
75TI828.pv,75XI824BX.pv,0.9231429664094872,0.9231429664094872
75TI821.pv,75TI828.pv,0.9156196167447942,0.9156196167447942
75PI870.pv,75XI824BX.pv,0.9127030435875624,0.9127030435875624
75TI830.pv,75XI824BX.pv,0.9093442971196664,0.9093442971196664
75TI828.pv,75TI824.pv,0.9092953962483331,0.9092953962483331
75ZI801BA.pv,75ZI801BB.pv,0.9083961466740205,0.9083961466740205
75TI822.pv,75XI824BX.pv,0.9080990844539761,0.9080990844539761
75PI870.pv,75TI821.pv,0.9040421851383499,0.9040421851383499
75TI836.pv,75XI824BX.pv,0.9037250035069809,0.9037250035069809
75ZI800BA.pv,75ZI800BB.pv,0.9003358330526269,0.9003358330526269
75TI831.pv,75XI824BX.pv,0.8951373687123129,0.8951373687123129
75TI829.pv,75XI824BX.pv,0.8917732266375077,0.8917732266375077
75TI834.pv,75XI824BX.pv,0.8911123650371129,0.8911123650371129
75TI832.pv,75XI824BX.pv,0.8894094263364176,0.8894094263364176
75TI821.pv,75TI824.pv,0.8886082326963248,0.8886082326963248
75TI821.pv,75XI824BX.pv,0.8884812058448812,0.8884812058448812
75TI827.pv,75XI824BX.pv,0.8859871760668526,0.8859871760668526
75XI824BX.pv,75SI865R.pv,0.8856925166127315,0.8856925166127315
75PI870.pv,75TI824.pv,0.8539672767351991,0.8539672767351991
75TI824.pv,75XI824BX.pv,0.8045227560354842,0.8045227560354842
75TI824.pv,75XI823BX.pv,0.8032188804108736,0.8032188804108736
