tag,tag_family,count,valid_count,missing_count,missing_fraction,min,max,mean,std,median,trend,spike_event_count,change_point_candidate_count
75ZI800BA.pv,ZI,35036,35036,0,0.0,-0.0038966055571412,0.259225262204806,0.06328545726393728,0.029597649545760423,0.0613760073979695,"{'label': 'stable', 'start_mean': 0.05453505031635153, 'end_mean': 0.036050962943626495, 'difference': -0.018484087372725035, 'normalized_change': 0.6245120020137782}",25,20
75ZI800BB.pv,ZI,35036,35036,0,0.0,-0.0789661390086015,0.26735353966554,0.031087153604758166,0.04177189538540931,0.029844661771009348,"{'label': 'stable', 'start_mean': 0.004312588442353948, 'end_mean': -0.013744750574687862, 'difference': -0.01805733901704181, 'normalized_change': 0.4322844067867971}",5,20
75ZI801BA.pv,ZI,35036,35036,0,0.0,-0.1086351846655209,-0.0349133184800545,-0.09460190172132564,0.006004174761636476,-0.09521902042130626,"{'label': 'stable', 'start_mean': -0.0892728940920076, 'end_mean': -0.08773166724263019, 'difference': 0.0015412268493774084, 'normalized_change': 0.2566925365372505}",4,20
75ZI801BB.pv,ZI,35036,35036,0,0.0,-0.0920387248198191,-0.0202687713628013,-0.07865324229397262,0.005006764242165277,-0.07916253569225465,"{'label': 'stable', 'start_mean': -0.07711759774893932, 'end_mean': -0.07312970000436932, 'difference': 0.003987897744570007, 'normalized_change': 0.7965020024280911}",4,20
75PI808.pv,PI,35036,35036,0,0.0,0.0,10.35942471822103,9.878929321431645,0.6644324806428777,9.922921784718831,"{'label': 'stable', 'start_mean': 9.898829240269132, 'end_mean': 9.86074302662378, 'difference': -0.03808621364535192, 'normalized_change': 0.057321420542989186}",3,20
75PI823.pv,PI,35036,35036,0,0.0,0.0,2.699161767959595,2.489182151375139,0.03859950993980202,2.48783278465271,"{'label': 'stable', 'start_mean': 2.5471899062395096, 'end_mean': 2.5347194597125053, 'difference': -0.012470446527004242, 'normalized_change': 0.32307266456109324}",8,20
75PI870.pv,PI,35036,35036,0,0.0,0.0,8.681539535522461,8.003585823944181,1.0222732499548566,8.112933158874512,"{'label': 'stable', 'start_mean': 8.42800498008728, 'end_mean': 8.017550140619278, 'difference': -0.4104548394680023, 'normalized_change': 0.4015118653316302}",3,20
75PI845.pv,PI,35036,35036,0,0.0,0.002289202529937,4.953054428100586,4.799433316930292,0.06978582088462525,4.807202100753784,"{'label': 'stable', 'start_mean': 4.759228532512982, 'end_mean': 4.725867743293445, 'difference': -0.03336078921953778, 'normalized_change': 0.4780453793714363}",1,20
75PDI853.pv,PDI,35036,35036,0,0.0,0.0,6.0,1.7027000399271965,0.26107140273613477,1.70087742805481,"{'label': 'stable', 'start_mean': 1.837403514732917, 'end_mean': 2.019935056567192, 'difference': 0.182531541834275, 'normalized_change': 0.6991632937245137}",5,20
75TI821.pv,TI,35036,35036,0,0.0,28.4903335571289,63.49130630493164,55.59441693137533,3.0664400047692015,56.08708190917969,"{'label': 'stable', 'start_mean': 55.65755581855774, 'end_mean': 54.834465662638344, 'difference': -0.8230901559193953, 'normalized_change': 0.26841880311998667}",5,20
75TI822.pv,TI,35036,35036,0,0.0,31.92867851257324,72.9189682006836,62.73526462358296,3.4818099702441003,63.05734252929688,"{'label': 'stable', 'start_mean': 61.431374192237854, 'end_mean': 61.74638557434082, 'difference': 0.3150113821029663, 'normalized_change': 0.0904734562756398}",3,20
75TI827.pv,TI,35036,35036,0,0.0,31.58014678955078,64.46929168701172,56.629257529330914,2.727611700831575,56.94075012207031,"{'label': 'stable', 'start_mean': 55.52022782961527, 'end_mean': 55.86406453450521, 'difference': 0.343836704889938, 'normalized_change': 0.12605779069840164}",7,20
75TI828.pv,TI,35036,35036,0,0.0,32.18220138549805,73.84817504882812,63.27653933295459,3.551023264339518,63.56780624389648,"{'label': 'stable', 'start_mean': 62.203586300214134, 'end_mean': 62.06300671895345, 'difference': -0.14057958126068115, 'normalized_change': 0.039588470926795974}",5,20
75TI824.pv,TI,35036,35036,0,0.0,35.99408340454102,71.06275939941406,64.18681260420452,3.27421094279872,64.62515258789062,"{'label': 'stable', 'start_mean': 62.83418575922648, 'end_mean': 64.87571223576863, 'difference': 2.0415264765421526, 'normalized_change': 0.6235170892187852}",2,20
75TI829.pv,TI,35036,35036,0,0.0,31.62697792053223,74.85575866699219,64.42576047429375,3.719659853303459,64.86311340332031,"{'label': 'stable', 'start_mean': 62.639314691225685, 'end_mean': 63.517142136891685, 'difference': 0.877827445666, 'normalized_change': 0.23599669869985412}",8,20
75TI830.pv,TI,35036,35036,0,0.0,31.75234794616699,70.467529296875,63.04204867465649,3.524641619956816,63.47877883911133,"{'label': 'stable', 'start_mean': 61.68185373147329, 'end_mean': 62.01608371734619, 'difference': 0.3342299858729021, 'normalized_change': 0.09482665811481766}",4,20
75TI831.pv,TI,35036,35036,0,0.0,31.54709053039551,80.43814849853516,74.13095515366898,4.890162548212501,74.6994400024414,"{'label': 'stable', 'start_mean': 73.57251119613647, 'end_mean': 73.91092093785603, 'difference': 0.33840974171955907, 'normalized_change': 0.0692021458148171}",5,20
75TI832.pv,TI,35036,35036,0,0.0,31.79642486572266,104.9247894287109,93.66205473498185,7.4350211700333535,94.57478332519533,"{'label': 'stable', 'start_mean': 91.66560983657837, 'end_mean': 92.02360932032268, 'difference': 0.3579994837443081, 'normalized_change': 0.048150432333295176}",4,20
75TI836.pv,TI,35036,35036,0,0.0,31.9782943725586,80.0089340209961,71.45175434310273,4.522484139329925,71.99144744873047,"{'label': 'stable', 'start_mean': 70.62617087364197, 'end_mean': 71.64613596598308, 'difference': 1.0199650923411099, 'normalized_change': 0.22553204409739142}",4,20
75TI834.pv,TI,35036,35036,0,0.0,31.75510406494141,81.8407974243164,75.6272837334755,5.087782712971191,76.29515075683594,"{'label': 'stable', 'start_mean': 74.15165813763936, 'end_mean': 75.30072037378947, 'difference': 1.1490622361501153, 'normalized_change': 0.2258473486339356}",4,20
75XI821BX.pv,XI,35036,35036,0,0.0,0.8012208938598633,20.40388107299805,12.292305523353782,2.6444974933828758,12.69962406158447,"{'label': 'stable', 'start_mean': 12.006375094254812, 'end_mean': 9.711225966612497, 'difference': -2.295149127642315, 'normalized_change': 0.8678961252129341}",0,20
75XI822BY.pv,XI,35036,35036,0,0.0,0.7957704067230225,84.63235473632812,7.251044648455654,2.1613504712768346,7.096527576446533,"{'label': 'stable', 'start_mean': 6.14780434469382, 'end_mean': 6.133155013124148, 'difference': -0.01464933156967163, 'normalized_change': 0.006777860307411146}",11,20
75XI823BX.pv,XI,35036,35036,0,0.0,0.7957704067230225,10.68485260009766,7.356781390324305,1.2016557838622912,7.033847332000732,"{'label': 'rising', 'start_mean': 6.308483054240544, 'end_mean': 7.926959872245789, 'difference': 1.6184768180052442, 'normalized_change': 1.3468722405706162}",10,20
75XI824BX.pv,XI,35036,35036,0,0.0,0.8012208938598633,18.14192962646484,10.111925549792405,1.242375739930497,10.28996562957764,"{'label': 'stable', 'start_mean': 10.091812878847122, 'end_mean': 9.679630210002264, 'difference': -0.4121826688448582, 'normalized_change': 0.33176973406444427}",5,20
75SI865R.pv,SI,35036,35036,0,0.0,9.095764398574827,8685.88046875,6578.314698456324,848.7187478385547,6683.875960286458,"{'label': 'stable', 'start_mean': 6128.400954522026, 'end_mean': 6391.349729182803, 'difference': 262.9487746607765, 'normalized_change': 0.3098185062253335}",5,20
